period,day_index,segment_id,delinquency_rate,application_completion_rate,contact_rate,first_contact_resolution_rate,approval_rate,autopay_rate
2026-W01,1,REFI_HIGH_BAL_GRAD,0.0976,0.7845,0.188,0.7456,0.6842,0.7242
2026-W01,1,REFI_MED_BAL_PRO,0.0691,0.8038,0.1583,0.7564,0.6819,0.8101
2026-W01,1,INSCHOOL_PARENT,0.1007,0.7813,0.2069,0.7481,0.6344,0.6121
2026-W01,1,INSCHOOL_STUDENT,0.1374,0.7596,0.259,0.7286,0.623,0.5417
2026-W01,1,PL_DEBT_CONSOLIDATION,0.1637,0.7818,0.2634,0.6957,0.6426,0.6425
2026-W01,1,PL_LIFE_EVENT,0.1341,0.803,0.2441,0.7453,0.6193,0.5812
2026-W01,2,REFI_HIGH_BAL_GRAD,0.1029,0.8201,0.218,0.7489,0.6823,0.7091
2026-W01,2,REFI_MED_BAL_PRO,0.0539,0.816,0.1255,0.7793,0.6749,0.8047
2026-W01,2,INSCHOOL_PARENT,0.116,0.7913,0.2148,0.7297,0.6372,0.6205
2026-W01,2,INSCHOOL_STUDENT,0.1342,0.7957,0.2296,0.7424,0.6124,0.5471
2026-W01,2,PL_DEBT_CONSOLIDATION,0.1652,0.8,0.2838,0.7136,0.6424,0.6466
2026-W01,2,PL_LIFE_EVENT,0.1209,0.7611,0.2188,0.7242,0.6093,0.5906
2026-W01,3,REFI_HIGH_BAL_GRAD,0.1047,0.8019,0.2121,0.7432,0.6949,0.719
2026-W01,3,REFI_MED_BAL_PRO,0.0554,0.8134,0.1467,0.7717,0.7039,0.8195
2026-W01,3,INSCHOOL_PARENT,0.111,0.7826,0.2337,0.7353,0.6267,0.5991
2026-W01,3,INSCHOOL_STUDENT,0.122,0.7968,0.2392,0.7246,0.6064,0.5472
2026-W01,3,PL_DEBT_CONSOLIDATION,0.166,0.7933,0.3014,0.7141,0.5925,0.6453
2026-W01,3,PL_LIFE_EVENT,0.1325,0.7914,0.2313,0.7357,0.6033,0.5784
2026-W01,4,REFI_HIGH_BAL_GRAD,0.0952,0.8402,0.209,0.7386,0.67,0.7123
2026-W01,4,REFI_MED_BAL_PRO,0.0716,0.8508,0.1565,0.7845,0.7053,0.8017
2026-W01,4,INSCHOOL_PARENT,0.1204,0.8018,0.2366,0.735,0.6212,0.6058
2026-W01,4,INSCHOOL_STUDENT,0.1205,0.8149,0.2408,0.7423,0.6211,0.5394
2026-W01,4,PL_DEBT_CONSOLIDATION,0.1639,0.8184,0.2633,0.7133,0.596,0.6463
2026-W01,4,PL_LIFE_EVENT,0.1352,0.7669,0.243,0.7267,0.6125,0.5889
2026-W01,5,REFI_HIGH_BAL_GRAD,0.0951,0.7957,0.1955,0.7653,0.6521,0.7155
2026-W01,5,REFI_MED_BAL_PRO,0.0743,0.8376,0.1654,0.7753,0.6761,0.8034
2026-W01,5,INSCHOOL_PARENT,0.1109,0.8047,0.2028,0.7352,0.6255,0.6131
2026-W01,5,INSCHOOL_STUDENT,0.1262,0.8135,0.2471,0.7054,0.6169,0.5541
2026-W01,5,PL_DEBT_CONSOLIDATION,0.1486,0.7695,0.2782,0.7109,0.6202,0.6468
2026-W01,5,PL_LIFE_EVENT,0.1368,0.7706,0.2299,0.7268,0.622,0.5792
2026-W01,6,REFI_HIGH_BAL_GRAD,0.1031,0.8234,0.2232,0.7252,0.6642,0.7161
2026-W01,6,REFI_MED_BAL_PRO,0.0717,0.8135,0.1522,0.7778,0.6941,0.8047
2026-W01,6,INSCHOOL_PARENT,0.1094,0.8248,0.2094,0.7613,0.6542,0.5992
2026-W01,6,INSCHOOL_STUDENT,0.1453,0.8094,0.2754,0.732,0.6535,0.542
2026-W01,6,PL_DEBT_CONSOLIDATION,0.1557,0.7744,0.2657,0.693,0.6145,0.6516
2026-W01,6,PL_LIFE_EVENT,0.1244,0.8062,0.2287,0.727,0.654,0.5919
2026-W01,7,REFI_HIGH_BAL_GRAD,0.0995,0.8261,0.1856,0.7499,0.6981,0.7219
2026-W01,7,REFI_MED_BAL_PRO,0.0646,0.8435,0.1381,0.7898,0.699,0.8185
2026-W01,7,INSCHOOL_PARENT,0.1078,0.827,0.1929,0.7378,0.6569,0.6142
2026-W01,7,INSCHOOL_STUDENT,0.1276,0.7664,0.25,0.7121,0.6383,0.5529
2026-W01,7,PL_DEBT_CONSOLIDATION,0.1548,0.7966,0.2694,0.7309,0.6041,0.6452
2026-W01,7,PL_LIFE_EVENT,0.1244,0.7829,0.2374,0.7178,0.6156,0.586
2026-W02,8,REFI_HIGH_BAL_GRAD,0.0885,0.8105,0.2056,0.773,0.6444,0.7131
2026-W02,8,REFI_MED_BAL_PRO,0.0586,0.8546,0.1634,0.7924,0.691,0.8018
2026-W02,8,INSCHOOL_PARENT,0.1246,0.8116,0.2352,0.7561,0.6604,0.5982
2026-W02,8,INSCHOOL_STUDENT,0.1421,0.7772,0.2592,0.7394,0.6107,0.5408
2026-W02,8,PL_DEBT_CONSOLIDATION,0.1478,0.7948,0.2507,0.7239,0.6349,0.6329
2026-W02,8,PL_LIFE_EVENT,0.1345,0.775,0.2426,0.7428,0.6474,0.5702
2026-W02,9,REFI_HIGH_BAL_GRAD,0.0975,0.7996,0.177,0.7749,0.6782,0.7143
2026-W02,9,REFI_MED_BAL_PRO,0.0705,0.8317,0.1603,0.7546,0.6733,0.8192
2026-W02,9,INSCHOOL_PARENT,0.1268,0.8021,0.2469,0.733,0.6301,0.6011
2026-W02,9,INSCHOOL_STUDENT,0.1304,0.8131,0.2499,0.7398,0.6565,0.543
2026-W02,9,PL_DEBT_CONSOLIDATION,0.1518,0.7678,0.276,0.7259,0.6162,0.6429
2026-W02,9,PL_LIFE_EVENT,0.1235,0.815,0.244,0.7455,0.6452,0.5892
2026-W02,10,REFI_HIGH_BAL_GRAD,0.0884,0.8272,0.1788,0.7813,0.6881,0.7287
2026-W02,10,REFI_MED_BAL_PRO,0.0727,0.8146,0.1774,0.7519,0.7211,0.8186
2026-W02,10,INSCHOOL_PARENT,0.111,0.8184,0.2121,0.7351,0.6689,0.6035
2026-W02,10,INSCHOOL_STUDENT,0.1241,0.7708,0.2233,0.7511,0.6606,0.5447
2026-W02,10,PL_DEBT_CONSOLIDATION,0.1617,0.7856,0.2964,0.7016,0.6482,0.6308
2026-W02,10,PL_LIFE_EVENT,0.1436,0.7699,0.273,0.7013,0.6031,0.5784
2026-W02,11,REFI_HIGH_BAL_GRAD,0.1058,0.8018,0.2115,0.7487,0.6631,0.7218
2026-W02,11,REFI_MED_BAL_PRO,0.0599,0.8411,0.1299,0.8086,0.7011,0.8153
2026-W02,11,INSCHOOL_PARENT,0.1239,0.8096,0.2245,0.7194,0.6611,0.6059
2026-W02,11,INSCHOOL_STUDENT,0.1316,0.8101,0.2482,0.7153,0.6212,0.5478
2026-W02,11,PL_DEBT_CONSOLIDATION,0.1565,0.7793,0.2557,0.7135,0.6482,0.6443
2026-W02,11,PL_LIFE_EVENT,0.1425,0.7961,0.2451,0.7257,0.5966,0.5749
2026-W02,12,REFI_HIGH_BAL_GRAD,0.0991,0.8178,0.205,0.7493,0.6665,0.7131
2026-W02,12,REFI_MED_BAL_PRO,0.0655,0.8527,0.1688,0.7583,0.6739,0.8104
2026-W02,12,INSCHOOL_PARENT,0.1217,0.7895,0.2399,0.7435,0.6616,0.6034
2026-W02,12,INSCHOOL_STUDENT,0.1292,0.7607,0.2264,0.7323,0.6536,0.5397
2026-W02,12,PL_DEBT_CONSOLIDATION,0.1572,0.7994,0.2593,0.7244,0.6215,0.6339
2026-W02,12,PL_LIFE_EVENT,0.137,0.7595,0.2563,0.731,0.603,0.5782
2026-W02,13,REFI_HIGH_BAL_GRAD,0.0934,0.8405,0.1924,0.7359,0.655,0.7284
2026-W02,13,REFI_MED_BAL_PRO,0.0655,0.8467,0.1636,0.7972,0.7045,0.8208
2026-W02,13,INSCHOOL_PARENT,0.1283,0.8062,0.2442,0.7307,0.671,0.6111
2026-W02,13,INSCHOOL_STUDENT,0.1464,0.8038,0.257,0.7097,0.6174,0.5533
2026-W02,13,PL_DEBT_CONSOLIDATION,0.166,0.7929,0.2876,0.6936,0.5964,0.6349
2026-W02,13,PL_LIFE_EVENT,0.1282,0.7784,0.2368,0.7108,0.6105,0.5847
2026-W02,14,REFI_HIGH_BAL_GRAD,0.1065,0.7869,0.2044,0.7531,0.6649,0.713
2026-W02,14,REFI_MED_BAL_PRO,0.065,0.8529,0.1596,0.7858,0.7202,0.8164
2026-W02,14,INSCHOOL_PARENT,0.1164,0.7698,0.2146,0.7543,0.6724,0.6209
2026-W02,14,INSCHOOL_STUDENT,0.1353,0.8041,0.2459,0.7299,0.6158,0.5433
2026-W02,14,PL_DEBT_CONSOLIDATION,0.1585,0.7633,0.2665,0.7206,0.6161,0.632
2026-W02,14,PL_LIFE_EVENT,0.1332,0.7669,0.2464,0.7017,0.6202,0.5815
2026-W03,15,REFI_HIGH_BAL_GRAD,0.0905,0.8216,0.1735,0.7624,0.643,0.7171
2026-W03,15,REFI_MED_BAL_PRO,0.0603,0.8182,0.1608,0.771,0.7139,0.818
2026-W03,15,INSCHOOL_PARENT,0.1137,0.7743,0.1978,0.7517,0.6812,0.6064
2026-W03,15,INSCHOOL_STUDENT,0.1411,0.8061,0.2575,0.7318,0.6596,0.5428
2026-W03,15,PL_DEBT_CONSOLIDATION,0.1488,0.7707,0.246,0.7288,0.6256,0.6332
2026-W03,15,PL_LIFE_EVENT,0.1391,0.8052,0.2356,0.7324,0.6415,0.5707
2026-W03,16,REFI_HIGH_BAL_GRAD,0.1097,0.8409,0.1965,0.7331,0.6587,0.7243
2026-W03,16,REFI_MED_BAL_PRO,0.0785,0.8224,0.1817,0.7486,0.7102,0.8131
2026-W03,16,INSCHOOL_PARENT,0.1103,0.8157,0.2269,0.7422,0.6285,0.6216
2026-W03,16,INSCHOOL_STUDENT,0.1446,0.78,0.2528,0.7165,0.633,0.5462
2026-W03,16,PL_DEBT_CONSOLIDATION,0.169,0.8109,0.2704,0.7317,0.6299,0.6479
2026-W03,16,PL_LIFE_EVENT,0.1395,0.7853,0.2588,0.7388,0.6128,0.5874
2026-W03,17,REFI_HIGH_BAL_GRAD,0.1032,0.812,0.2014,0.7628,0.6561,0.7284
2026-W03,17,REFI_MED_BAL_PRO,0.0756,0.8038,0.1848,0.7549,0.6967,0.8126
2026-W03,17,INSCHOOL_PARENT,0.1172,0.7711,0.2355,0.7198,0.6339,0.6171
2026-W03,17,INSCHOOL_STUDENT,0.1341,0.812,0.2507,0.7131,0.6032,0.5608
2026-W03,17,PL_DEBT_CONSOLIDATION,0.1508,0.8048,0.2631,0.7256,0.6332,0.6435
2026-W03,17,PL_LIFE_EVENT,0.1345,0.8068,0.2269,0.7187,0.6381,0.5753
2026-W03,18,REFI_HIGH_BAL_GRAD,0.1044,0.8114,0.2067,0.7468,0.6848,0.7159
2026-W03,18,REFI_MED_BAL_PRO,0.0727,0.8149,0.156,0.7614,0.6804,0.8009
2026-W03,18,INSCHOOL_PARENT,0.1211,0.8151,0.2137,0.7305,0.6503,0.6154
2026-W03,18,INSCHOOL_STUDENT,0.1496,0.7907,0.2533,0.7041,0.6142,0.5435
2026-W03,18,PL_DEBT_CONSOLIDATION,0.1532,0.7624,0.2679,0.7018,0.6503,0.6413
2026-W03,18,PL_LIFE_EVENT,0.1396,0.7668,0.2643,0.7151,0.649,0.5818
2026-W03,19,REFI_HIGH_BAL_GRAD,0.1018,0.8094,0.1896,0.7372,0.6965,0.7195
2026-W03,19,REFI_MED_BAL_PRO,0.0757,0.8226,0.1526,0.7857,0.672,0.8016
2026-W03,19,INSCHOOL_PARENT,0.1218,0.7876,0.247,0.7121,0.6671,0.6126
2026-W03,19,INSCHOOL_STUDENT,0.1452,0.7727,0.2574,0.7182,0.6292,0.5586
2026-W03,19,PL_DEBT_CONSOLIDATION,0.1728,0.7799,0.2958,0.7052,0.6362,0.6507
2026-W03,19,PL_LIFE_EVENT,0.128,0.7719,0.2414,0.7097,0.607,0.5698
2026-W03,20,REFI_HIGH_BAL_GRAD,0.0906,0.81,0.1921,0.7469,0.6539,0.725
2026-W03,20,REFI_MED_BAL_PRO,0.0729,0.8258,0.1736,0.7902,0.7161,0.813
2026-W03,20,INSCHOOL_PARENT,0.1242,0.8254,0.2273,0.7395,0.6601,0.6198
2026-W03,20,INSCHOOL_STUDENT,0.1461,0.7635,0.2443,0.7172,0.6475,0.5517
2026-W03,20,PL_DEBT_CONSOLIDATION,0.156,0.7691,0.2775,0.7169,0.6484,0.64
2026-W03,20,PL_LIFE_EVENT,0.1349,0.764,0.2252,0.7288,0.6159,0.574
2026-W03,21,REFI_HIGH_BAL_GRAD,0.0928,0.8407,0.2044,0.7545,0.697,0.732
2026-W03,21,REFI_MED_BAL_PRO,0.0721,0.8148,0.1468,0.7939,0.697,0.8136
2026-W03,21,INSCHOOL_PARENT,0.1303,0.7803,0.2413,0.7377,0.6507,0.6002
2026-W03,21,INSCHOOL_STUDENT,0.1346,0.7792,0.2501,0.7396,0.6224,0.5546
2026-W03,21,PL_DEBT_CONSOLIDATION,0.156,0.8183,0.2825,0.7081,0.6191,0.6355
2026-W03,21,PL_LIFE_EVENT,0.1308,0.8174,0.2347,0.7286,0.6559,0.5838
2026-W04,22,REFI_HIGH_BAL_GRAD,0.1035,0.8078,0.1919,0.7502,0.6854,0.723
2026-W04,22,REFI_MED_BAL_PRO,0.0742,0.8108,0.1697,0.792,0.6951,0.8148
2026-W04,22,INSCHOOL_PARENT,0.1112,0.8278,0.2184,0.7295,0.6307,0.6112
2026-W04,22,INSCHOOL_STUDENT,0.1395,0.7648,0.269,0.7341,0.6303,0.5408
2026-W04,22,PL_DEBT_CONSOLIDATION,0.169,0.7915,0.2949,0.701,0.6082,0.648
2026-W04,22,PL_LIFE_EVENT,0.1465,0.7738,0.2602,0.712,0.6519,0.5802
2026-W04,23,REFI_HIGH_BAL_GRAD,0.1115,0.8348,0.2054,0.7638,0.6649,0.7304
2026-W04,23,REFI_MED_BAL_PRO,0.068,0.8478,0.1513,0.7714,0.704,0.822
2026-W04,23,INSCHOOL_PARENT,0.1199,0.7783,0.2265,0.7309,0.6543,0.611
2026-W04,23,INSCHOOL_STUDENT,0.137,0.7785,0.2338,0.7392,0.6369,0.5436
2026-W04,23,PL_DEBT_CONSOLIDATION,0.1675,0.7642,0.2942,0.7102,0.6405,0.6373
2026-W04,23,PL_LIFE_EVENT,0.1388,0.8084,0.2677,0.7138,0.5988,0.5801
2026-W04,24,REFI_HIGH_BAL_GRAD,0.1044,0.8352,0.2205,0.7417,0.6716,0.719
2026-W04,24,REFI_MED_BAL_PRO,0.073,0.8232,0.1725,0.756,0.697,0.8213
2026-W04,24,INSCHOOL_PARENT,0.1162,0.811,0.2262,0.7538,0.6723,0.6186
2026-W04,24,INSCHOOL_STUDENT,0.1351,0.7782,0.2526,0.7341,0.6549,0.5389
2026-W04,24,PL_DEBT_CONSOLIDATION,0.1504,0.7995,0.2798,0.7294,0.6366,0.6384
2026-W04,24,PL_LIFE_EVENT,0.1251,0.7972,0.2463,0.7205,0.6382,0.5897
2026-W04,25,REFI_HIGH_BAL_GRAD,0.0911,0.8308,0.1806,0.7555,0.6487,0.7207
2026-W04,25,REFI_MED_BAL_PRO,0.069,0.8462,0.1481,0.7629,0.7211,0.8129
2026-W04,25,INSCHOOL_PARENT,0.1136,0.8242,0.2027,0.7461,0.6364,0.6041
2026-W04,25,INSCHOOL_STUDENT,0.126,0.8075,0.2485,0.7321,0.6121,0.5486
2026-W04,25,PL_DEBT_CONSOLIDATION,0.1568,0.7969,0.2766,0.7049,0.6068,0.6483
2026-W04,25,PL_LIFE_EVENT,0.1273,0.7823,0.2334,0.7166,0.6309,0.5818
2026-W04,26,REFI_HIGH_BAL_GRAD,0.1136,0.8007,0.2361,0.745,0.6565,0.7216
2026-W04,26,REFI_MED_BAL_PRO,0.0717,0.8433,0.1465,0.7872,0.6986,0.8197
2026-W04,26,INSCHOOL_PARENT,0.1144,0.8173,0.2223,0.733,0.6594,0.6129
2026-W04,26,INSCHOOL_STUDENT,0.1417,0.8025,0.2585,0.7351,0.6403,0.5597
2026-W04,26,PL_DEBT_CONSOLIDATION,0.1638,0.7801,0.2774,0.7116,0.6357,0.6302
2026-W04,26,PL_LIFE_EVENT,0.1293,0.804,0.2237,0.716,0.629,0.5913
2026-W04,27,REFI_HIGH_BAL_GRAD,0.1022,0.8378,0.216,0.7354,0.6895,0.7196
2026-W04,27,REFI_MED_BAL_PRO,0.0742,0.8434,0.1613,0.7589,0.7266,0.8014
2026-W04,27,INSCHOOL_PARENT,0.1304,0.821,0.247,0.7509,0.6792,0.6173
2026-W04,27,INSCHOOL_STUDENT,0.1339,0.8066,0.223,0.7365,0.6299,0.5541
2026-W04,27,PL_DEBT_CONSOLIDATION,0.1641,0.7967,0.293,0.7213,0.5983,0.6336
2026-W04,27,PL_LIFE_EVENT,0.1225,0.8123,0.2306,0.7483,0.6099,0.5695
2026-W04,28,REFI_HIGH_BAL_GRAD,0.1089,0.8376,0.2032,0.7475,0.6484,0.7307
2026-W04,28,REFI_MED_BAL_PRO,0.0618,0.8282,0.1362,0.8042,0.6769,0.8089
2026-W04,28,INSCHOOL_PARENT,0.123,0.814,0.2466,0.7258,0.6657,0.6017
2026-W04,28,INSCHOOL_STUDENT,0.1348,0.7651,0.243,0.7223,0.6597,0.5388
2026-W04,28,PL_DEBT_CONSOLIDATION,0.1565,0.7882,0.2886,0.7193,0.5978,0.6445
2026-W04,28,PL_LIFE_EVENT,0.1346,0.8179,0.2376,0.7221,0.608,0.5709
2026-W05,29,REFI_HIGH_BAL_GRAD,0.109,0.8103,0.2178,0.7519,0.6758,0.7085
2026-W05,29,REFI_MED_BAL_PRO,0.073,0.8132,0.1513,0.7834,0.6729,0.8164
2026-W05,29,INSCHOOL_PARENT,0.1115,0.7824,0.2291,0.7291,0.6301,0.6196
2026-W05,29,INSCHOOL_STUDENT,0.1245,0.8107,0.2164,0.721,0.6176,0.5422
2026-W05,29,PL_DEBT_CONSOLIDATION,0.1631,0.7631,0.2594,0.7286,0.6061,0.6358
2026-W05,29,PL_LIFE_EVENT,0.1254,0.7623,0.2414,0.7263,0.6413,0.5794
2026-W05,30,REFI_HIGH_BAL_GRAD,0.1069,0.8138,0.193,0.7561,0.6967,0.709
2026-W05,30,REFI_MED_BAL_PRO,0.0725,0.8506,0.1664,0.7722,0.7266,0.7995
2026-W05,30,INSCHOOL_PARENT,0.1175,0.7935,0.2294,0.7362,0.6758,0.5998
2026-W05,30,INSCHOOL_STUDENT,0.1259,0.7957,0.215,0.7281,0.6406,0.5512
2026-W05,30,PL_DEBT_CONSOLIDATION,0.1545,0.8213,0.2694,0.7093,0.6281,0.6304
2026-W05,30,PL_LIFE_EVENT,0.1376,0.8104,0.253,0.7323,0.6399,0.5732
2026-W05,31,REFI_HIGH_BAL_GRAD,0.0986,0.7967,0.1918,0.7543,0.665,0.7103
2026-W05,31,REFI_MED_BAL_PRO,0.0634,0.8385,0.1493,0.7657,0.7242,0.7996
2026-W05,31,INSCHOOL_PARENT,0.1255,0.775,0.2158,0.7531,0.6699,0.6114
2026-W05,31,INSCHOOL_STUDENT,0.1375,0.7929,0.2401,0.7107,0.6238,0.554
2026-W05,31,PL_DEBT_CONSOLIDATION,0.1643,0.8137,0.2892,0.7241,0.6278,0.6364
2026-W05,31,PL_LIFE_EVENT,0.1341,0.772,0.2489,0.7095,0.6031,0.5883
2026-W05,32,REFI_HIGH_BAL_GRAD,0.0961,0.8288,0.198,0.7676,0.6907,0.7314
2026-W05,32,REFI_MED_BAL_PRO,0.0723,0.8354,0.1711,0.7508,0.7245,0.8179
2026-W05,32,INSCHOOL_PARENT,0.1114,0.7802,0.2224,0.731,0.6416,0.5981
2026-W05,32,INSCHOOL_STUDENT,0.1438,0.7932,0.2508,0.707,0.6406,0.5387
2026-W05,32,PL_DEBT_CONSOLIDATION,0.1636,0.7745,0.2764,0.7013,0.614,0.6453
2026-W05,32,PL_LIFE_EVENT,0.1384,0.7933,0.2314,0.7092,0.606,0.5828
2026-W05,33,REFI_HIGH_BAL_GRAD,0.1029,0.7993,0.2101,0.7481,0.6665,0.7146
2026-W05,33,REFI_MED_BAL_PRO,0.0702,0.8054,0.16,0.7671,0.7095,0.8097
2026-W05,33,INSCHOOL_PARENT,0.1205,0.7721,0.2214,0.7445,0.6217,0.6052
2026-W05,33,INSCHOOL_STUDENT,0.1275,0.7674,0.2246,0.7265,0.6031,0.5559
2026-W05,33,PL_DEBT_CONSOLIDATION,0.1494,0.7844,0.2699,0.7112,0.6418,0.6473
2026-W05,33,PL_LIFE_EVENT,0.1209,0.8109,0.2078,0.7176,0.6519,0.5887
2026-W05,34,REFI_HIGH_BAL_GRAD,0.0999,0.8174,0.2083,0.7458,0.6469,0.7085
2026-W05,34,REFI_MED_BAL_PRO,0.0593,0.8467,0.1539,0.7943,0.724,0.8001
2026-W05,34,INSCHOOL_PARENT,0.1242,0.784,0.2338,0.7359,0.6449,0.6054
2026-W05,34,INSCHOOL_STUDENT,0.13,0.7792,0.2242,0.7348,0.6094,0.5502
2026-W05,34,PL_DEBT_CONSOLIDATION,0.1663,0.7826,0.292,0.7162,0.6407,0.6337
2026-W05,34,PL_LIFE_EVENT,0.1221,0.771,0.2317,0.7409,0.6359,0.5723
2026-W05,35,REFI_HIGH_BAL_GRAD,0.104,0.8126,0.2152,0.7583,0.6669,0.7302
2026-W05,35,REFI_MED_BAL_PRO,0.0645,0.8367,0.1606,0.793,0.7064,0.8016
2026-W05,35,INSCHOOL_PARENT,0.1049,0.7959,0.1983,0.7396,0.6246,0.6102
2026-W05,35,INSCHOOL_STUDENT,0.1286,0.7863,0.2181,0.7518,0.6072,0.5587
2026-W05,35,PL_DEBT_CONSOLIDATION,0.1645,0.7985,0.2809,0.7048,0.6251,0.647
2026-W05,35,PL_LIFE_EVENT,0.1395,0.7862,0.2617,0.7234,0.6159,0.5794
2026-W06,36,REFI_HIGH_BAL_GRAD,0.0885,0.7867,0.1697,0.7837,0.6606,0.7251
2026-W06,36,REFI_MED_BAL_PRO,0.0624,0.809,0.1429,0.7812,0.6952,0.8105
2026-W06,36,INSCHOOL_PARENT,0.1065,0.7918,0.1994,0.7452,0.6415,0.6123
2026-W06,36,INSCHOOL_STUDENT,0.1395,0.798,0.232,0.7128,0.6433,0.5448
2026-W06,36,PL_DEBT_CONSOLIDATION,0.1607,0.801,0.2922,0.7186,0.6118,0.642
2026-W06,36,PL_LIFE_EVENT,0.1207,0.7802,0.2446,0.7327,0.6201,0.5823
2026-W06,37,REFI_HIGH_BAL_GRAD,0.1067,0.8016,0.2035,0.7647,0.6888,0.7241
2026-W06,37,REFI_MED_BAL_PRO,0.0695,0.8429,0.1693,0.7741,0.7076,0.8082
2026-W06,37,INSCHOOL_PARENT,0.1107,0.7912,0.2006,0.7359,0.6781,0.6097
2026-W06,37,INSCHOOL_STUDENT,0.1253,0.7675,0.2148,0.7538,0.6087,0.5565
2026-W06,37,PL_DEBT_CONSOLIDATION,0.1627,0.8146,0.2599,0.708,0.6378,0.6311
2026-W06,37,PL_LIFE_EVENT,0.1257,0.7689,0.2454,0.7356,0.6451,0.572
2026-W06,38,REFI_HIGH_BAL_GRAD,0.094,0.8077,0.1996,0.7414,0.6667,0.7148
2026-W06,38,REFI_MED_BAL_PRO,0.0669,0.8255,0.16,0.7682,0.7173,0.8093
2026-W06,38,INSCHOOL_PARENT,0.1214,0.7915,0.2446,0.7521,0.6489,0.6048
2026-W06,38,INSCHOOL_STUDENT,0.1284,0.7908,0.2542,0.736,0.6507,0.5413
2026-W06,38,PL_DEBT_CONSOLIDATION,0.148,0.8001,0.275,0.7115,0.598,0.6483
2026-W06,38,PL_LIFE_EVENT,0.1364,0.7763,0.2561,0.7087,0.6509,0.5715
2026-W06,39,REFI_HIGH_BAL_GRAD,0.0933,0.8398,0.1806,0.759,0.661,0.7086
2026-W06,39,REFI_MED_BAL_PRO,0.0496,0.8287,0.1264,0.8132,0.6913,0.7987
2026-W06,39,INSCHOOL_PARENT,0.123,0.8198,0.2347,0.7475,0.6295,0.6049
2026-W06,39,INSCHOOL_STUDENT,0.1385,0.801,0.2336,0.7396,0.6295,0.5381
2026-W06,39,PL_DEBT_CONSOLIDATION,0.1433,0.777,0.2675,0.7144,0.6354,0.6407
2026-W06,39,PL_LIFE_EVENT,0.118,0.7765,0.2145,0.716,0.6218,0.5871
2026-W06,40,REFI_HIGH_BAL_GRAD,0.0931,0.7897,0.2076,0.7542,0.641,0.7204
2026-W06,40,REFI_MED_BAL_PRO,0.0534,0.8072,0.1389,0.7908,0.6832,0.808
2026-W06,40,INSCHOOL_PARENT,0.1159,0.7745,0.2389,0.7132,0.6528,0.6102
2026-W06,40,INSCHOOL_STUDENT,0.1416,0.7924,0.2476,0.7232,0.6407,0.5615
2026-W06,40,PL_DEBT_CONSOLIDATION,0.1467,0.7626,0.27,0.7041,0.6358,0.6431
2026-W06,40,PL_LIFE_EVENT,0.1332,0.8033,0.2347,0.7074,0.6294,0.5875
2026-W06,41,REFI_HIGH_BAL_GRAD,0.0857,0.8297,0.1807,0.7699,0.6779,0.7275
2026-W06,41,REFI_MED_BAL_PRO,0.0484,0.8452,0.1338,0.7785,0.6714,0.8028
2026-W06,41,INSCHOOL_PARENT,0.1003,0.8254,0.2009,0.7706,0.6538,0.6041
2026-W06,41,INSCHOOL_STUDENT,0.1353,0.7707,0.2384,0.741,0.6545,0.546
2026-W06,41,PL_DEBT_CONSOLIDATION,0.143,0.7837,0.2693,0.7224,0.6455,0.6373
2026-W06,41,PL_LIFE_EVENT,0.1373,0.789,0.2465,0.742,0.6278,0.5872
2026-W06,42,REFI_HIGH_BAL_GRAD,0.0982,0.7877,0.2019,0.7667,0.6727,0.7157
2026-W06,42,REFI_MED_BAL_PRO,0.0481,0.8383,0.1274,0.7951,0.6944,0.8146
2026-W06,42,INSCHOOL_PARENT,0.107,0.7719,0.2236,0.7325,0.6811,0.6046
2026-W06,42,INSCHOOL_STUDENT,0.14,0.8161,0.233,0.7368,0.6244,0.5572
2026-W06,42,PL_DEBT_CONSOLIDATION,0.1556,0.8188,0.2552,0.7222,0.6387,0.6288
2026-W06,42,PL_LIFE_EVENT,0.1149,0.8059,0.2132,0.7317,0.6306,0.5825
2026-W07,43,REFI_HIGH_BAL_GRAD,0.0964,0.8399,0.1904,0.7689,0.6744,0.7207
2026-W07,43,REFI_MED_BAL_PRO,0.0551,0.8376,0.1338,0.7704,0.7129,0.81
2026-W07,43,INSCHOOL_PARENT,0.1072,0.8031,0.1994,0.7385,0.648,0.6219
2026-W07,43,INSCHOOL_STUDENT,0.1227,0.8142,0.228,0.7158,0.6538,0.5488
2026-W07,43,PL_DEBT_CONSOLIDATION,0.1602,0.7883,0.2587,0.724,0.6425,0.6357
2026-W07,43,PL_LIFE_EVENT,0.1209,0.7631,0.2278,0.7484,0.6477,0.5851
2026-W07,44,REFI_HIGH_BAL_GRAD,0.1017,0.8213,0.2138,0.7476,0.6473,0.7128
2026-W07,44,REFI_MED_BAL_PRO,0.0482,0.846,0.1163,0.7976,0.6909,0.8173
2026-W07,44,INSCHOOL_PARENT,0.1104,0.8061,0.1965,0.7419,0.6812,0.6153
2026-W07,44,INSCHOOL_STUDENT,0.1277,0.8053,0.2476,0.7053,0.6609,0.5534
2026-W07,44,PL_DEBT_CONSOLIDATION,0.1487,0.8024,0.2547,0.7345,0.6386,0.6434
2026-W07,44,PL_LIFE_EVENT,0.1163,0.8172,0.2176,0.7536,0.5999,0.571
2026-W07,45,REFI_HIGH_BAL_GRAD,0.0824,0.7929,0.1709,0.7746,0.6608,0.7306
2026-W07,45,REFI_MED_BAL_PRO,0.0657,0.8494,0.1471,0.7883,0.7019,0.801
2026-W07,45,INSCHOOL_PARENT,0.1038,0.8014,0.2049,0.732,0.6777,0.6017
2026-W07,45,INSCHOOL_STUDENT,0.1303,0.8024,0.242,0.7423,0.6364,0.5578
2026-W07,45,PL_DEBT_CONSOLIDATION,0.1379,0.7643,0.2531,0.7217,0.6309,0.6464
2026-W07,45,PL_LIFE_EVENT,0.1212,0.7975,0.2265,0.7371,0.614,0.591
2026-W07,46,REFI_HIGH_BAL_GRAD,0.0897,0.8313,0.1945,0.7462,0.6444,0.7094
2026-W07,46,REFI_MED_BAL_PRO,0.0541,0.8277,0.1308,0.7939,0.6876,0.8152
2026-W07,46,INSCHOOL_PARENT,0.1135,0.821,0.2359,0.7173,0.6434,0.6115
2026-W07,46,INSCHOOL_STUDENT,0.1215,0.7872,0.2175,0.7258,0.6084,0.545
2026-W07,46,PL_DEBT_CONSOLIDATION,0.1458,0.7985,0.2472,0.7371,0.6014,0.6359
2026-W07,46,PL_LIFE_EVENT,0.1244,0.778,0.2411,0.7252,0.6275,0.58
2026-W07,47,REFI_HIGH_BAL_GRAD,0.0849,0.7844,0.1989,0.7537,0.698,0.7132
2026-W07,47,REFI_MED_BAL_PRO,0.0514,0.8016,0.139,0.8028,0.7081,0.8093
2026-W07,47,INSCHOOL_PARENT,0.1081,0.8202,0.2074,0.7631,0.6649,0.6163
2026-W07,47,INSCHOOL_STUDENT,0.122,0.7832,0.2303,0.718,0.6358,0.5398
2026-W07,47,PL_DEBT_CONSOLIDATION,0.1481,0.8075,0.2513,0.741,0.6326,0.6309
2026-W07,47,PL_LIFE_EVENT,0.1334,0.7828,0.2535,0.7128,0.6529,0.5861
2026-W07,48,REFI_HIGH_BAL_GRAD,0.0816,0.8135,0.1771,0.7422,0.6482,0.716
2026-W07,48,REFI_MED_BAL_PRO,0.0537,0.826,0.1463,0.7832,0.6885,0.8127
2026-W07,48,INSCHOOL_PARENT,0.0986,0.8288,0.2078,0.7367,0.6414,0.6179
2026-W07,48,INSCHOOL_STUDENT,0.1254,0.8017,0.2237,0.7488,0.6247,0.5542
2026-W07,48,PL_DEBT_CONSOLIDATION,0.1589,0.7966,0.2855,0.7147,0.6331,0.6286
2026-W07,48,PL_LIFE_EVENT,0.1207,0.8172,0.2372,0.7393,0.6313,0.5853
2026-W07,49,REFI_HIGH_BAL_GRAD,0.0903,0.7932,0.193,0.7613,0.6905,0.7115
2026-W07,49,REFI_MED_BAL_PRO,0.0581,0.8005,0.1655,0.7569,0.6699,0.8055
2026-W07,49,INSCHOOL_PARENT,0.0977,0.8108,0.1936,0.7641,0.6764,0.6189
2026-W07,49,INSCHOOL_STUDENT,0.1297,0.7629,0.2226,0.7218,0.6221,0.5539
2026-W07,49,PL_DEBT_CONSOLIDATION,0.1474,0.7804,0.2462,0.7396,0.6123,0.6365
2026-W07,49,PL_LIFE_EVENT,0.1273,0.8025,0.2399,0.7345,0.6332,0.5726
2026-W08,50,REFI_HIGH_BAL_GRAD,0.0817,0.8165,0.1661,0.7885,0.6579,0.7149
2026-W08,50,REFI_MED_BAL_PRO,0.0462,0.8409,0.1254,0.7845,0.7248,0.8171
2026-W08,50,INSCHOOL_PARENT,0.1001,0.7767,0.2072,0.7406,0.68,0.6176
2026-W08,50,INSCHOOL_STUDENT,0.1344,0.8075,0.2346,0.7204,0.6454,0.5463
2026-W08,50,PL_DEBT_CONSOLIDATION,0.1449,0.777,0.2552,0.7039,0.6241,0.6504
2026-W08,50,PL_LIFE_EVENT,0.1249,0.7674,0.2358,0.7314,0.6111,0.5841
2026-W08,51,REFI_HIGH_BAL_GRAD,0.088,0.8213,0.1671,0.7629,0.683,0.7104
2026-W08,51,REFI_MED_BAL_PRO,0.0592,0.7989,0.151,0.7999,0.6932,0.8204
2026-W08,51,INSCHOOL_PARENT,0.1141,0.798,0.2056,0.7675,0.6405,0.6135
2026-W08,51,INSCHOOL_STUDENT,0.1327,0.7646,0.2439,0.7276,0.646,0.5605
2026-W08,51,PL_DEBT_CONSOLIDATION,0.1557,0.7721,0.2849,0.6903,0.647,0.6519
2026-W08,51,PL_LIFE_EVENT,0.1172,0.7889,0.239,0.7469,0.6522,0.589
2026-W08,52,REFI_HIGH_BAL_GRAD,0.075,0.8171,0.153,0.7945,0.6571,0.7317
2026-W08,52,REFI_MED_BAL_PRO,0.0532,0.8282,0.1591,0.793,0.6969,0.8026
2026-W08,52,INSCHOOL_PARENT,0.0953,0.7791,0.1924,0.7413,0.6324,0.6157
2026-W08,52,INSCHOOL_STUDENT,0.1295,0.7933,0.2471,0.7101,0.654,0.5595
2026-W08,52,PL_DEBT_CONSOLIDATION,0.1531,0.7925,0.2499,0.7272,0.6029,0.6314
2026-W08,52,PL_LIFE_EVENT,0.115,0.7741,0.2092,0.7267,0.6418,0.5909
2026-W08,53,REFI_HIGH_BAL_GRAD,0.0816,0.8264,0.1574,0.7778,0.6816,0.7095
2026-W08,53,REFI_MED_BAL_PRO,0.0426,0.817,0.1245,0.7918,0.7225,0.8149
2026-W08,53,INSCHOOL_PARENT,0.0996,0.7764,0.2161,0.733,0.6581,0.6033
2026-W08,53,INSCHOOL_STUDENT,0.1133,0.7684,0.2265,0.7381,0.6276,0.5512
2026-W08,53,PL_DEBT_CONSOLIDATION,0.1441,0.7939,0.2617,0.7019,0.6066,0.6461
2026-W08,53,PL_LIFE_EVENT,0.1278,0.7641,0.2326,0.738,0.6013,0.5815
2026-W08,54,REFI_HIGH_BAL_GRAD,0.0754,0.8159,0.1695,0.7691,0.649,0.7159
2026-W08,54,REFI_MED_BAL_PRO,0.0519,0.8056,0.128,0.794,0.6743,0.8102
2026-W08,54,INSCHOOL_PARENT,0.1111,0.7966,0.2145,0.741,0.6247,0.6091
2026-W08,54,INSCHOOL_STUDENT,0.129,0.8026,0.2321,0.7453,0.6473,0.5519
2026-W08,54,PL_DEBT_CONSOLIDATION,0.1335,0.7823,0.2245,0.7525,0.6479,0.6297
2026-W08,54,PL_LIFE_EVENT,0.1288,0.7611,0.2324,0.741,0.6425,0.5915
2026-W08,55,REFI_HIGH_BAL_GRAD,0.0891,0.8082,0.2061,0.7452,0.6922,0.7298
2026-W08,55,REFI_MED_BAL_PRO,0.048,0.8396,0.1415,0.7863,0.708,0.8063
2026-W08,55,INSCHOOL_PARENT,0.0957,0.8016,0.1958,0.761,0.6346,0.5981
2026-W08,55,INSCHOOL_STUDENT,0.1099,0.7771,0.2193,0.7384,0.6345,0.5578
2026-W08,55,PL_DEBT_CONSOLIDATION,0.138,0.7824,0.2386,0.744,0.6353,0.6307
2026-W08,55,PL_LIFE_EVENT,0.1255,0.7844,0.2425,0.7419,0.5975,0.5729
2026-W08,56,REFI_HIGH_BAL_GRAD,0.0757,0.785,0.1736,0.7732,0.6429,0.7258
2026-W08,56,REFI_MED_BAL_PRO,0.0484,0.8127,0.1242,0.8082,0.6722,0.8101
2026-W08,56,INSCHOOL_PARENT,0.098,0.8183,0.2068,0.738,0.6571,0.6141
2026-W08,56,INSCHOOL_STUDENT,0.1167,0.7773,0.2066,0.7489,0.6159,0.5452
2026-W08,56,PL_DEBT_CONSOLIDATION,0.1333,0.8185,0.2568,0.7352,0.6294,0.6383
2026-W08,56,PL_LIFE_EVENT,0.1177,0.8175,0.2398,0.7335,0.6437,0.5756
2026-W09,57,REFI_HIGH_BAL_GRAD,0.0831,0.792,0.1739,0.7754,0.6684,0.7284
2026-W09,57,REFI_MED_BAL_PRO,0.0457,0.8411,0.1444,0.802,0.7025,0.8212
2026-W09,57,INSCHOOL_PARENT,0.1042,0.7774,0.195,0.7378,0.66,0.6201
2026-W09,57,INSCHOOL_STUDENT,0.1291,0.7647,0.2454,0.7115,0.6187,0.5542
2026-W09,57,PL_DEBT_CONSOLIDATION,0.146,0.814,0.2451,0.7333,0.6353,0.6414
2026-W09,57,PL_LIFE_EVENT,0.117,0.8114,0.2146,0.7569,0.5975,0.5905
2026-W09,58,REFI_HIGH_BAL_GRAD,0.096,0.79,0.2149,0.7458,0.6546,0.7225
2026-W09,58,REFI_MED_BAL_PRO,0.0432,0.8535,0.1311,0.8013,0.6916,0.8108
2026-W09,58,INSCHOOL_PARENT,0.0993,0.7851,0.1996,0.749,0.6271,0.6216
2026-W09,58,INSCHOOL_STUDENT,0.1198,0.8096,0.2414,0.7213,0.6274,0.5515
2026-W09,58,PL_DEBT_CONSOLIDATION,0.1367,0.7704,0.2363,0.7448,0.6265,0.638
2026-W09,58,PL_LIFE_EVENT,0.109,0.779,0.2064,0.7548,0.6266,0.5837
2026-W09,59,REFI_HIGH_BAL_GRAD,0.0892,0.7984,0.1993,0.7743,0.6785,0.7198
2026-W09,59,REFI_MED_BAL_PRO,0.0422,0.8463,0.1145,0.8058,0.6981,0.82
2026-W09,59,INSCHOOL_PARENT,0.1035,0.8079,0.1867,0.7336,0.672,0.6207
2026-W09,59,INSCHOOL_STUDENT,0.1245,0.8051,0.2271,0.7485,0.6165,0.555
2026-W09,59,PL_DEBT_CONSOLIDATION,0.1314,0.7919,0.2342,0.7314,0.6318,0.6428
2026-W09,59,PL_LIFE_EVENT,0.1168,0.7885,0.2013,0.7443,0.5973,0.5807
2026-W09,60,REFI_HIGH_BAL_GRAD,0.0792,0.8416,0.1547,0.7861,0.6804,0.7273
2026-W09,60,REFI_MED_BAL_PRO,0.0599,0.805,0.1337,0.772,0.6803,0.8106
2026-W09,60,INSCHOOL_PARENT,0.11,0.7854,0.2083,0.7398,0.6456,0.6116
2026-W09,60,INSCHOOL_STUDENT,0.1321,0.7728,0.2475,0.7402,0.6418,0.5586
2026-W09,60,PL_DEBT_CONSOLIDATION,0.1494,0.7672,0.2569,0.719,0.5952,0.6282
2026-W09,60,PL_LIFE_EVENT,0.1092,0.7892,0.2089,0.7516,0.6306,0.5886
2026-W09,61,REFI_HIGH_BAL_GRAD,0.0749,0.8147,0.1503,0.7609,0.6921,0.7293
2026-W09,61,REFI_MED_BAL_PRO,0.0494,0.8014,0.1198,0.8129,0.7228,0.8115
2026-W09,61,INSCHOOL_PARENT,0.0912,0.8251,0.1815,0.7775,0.6564,0.6161
2026-W09,61,INSCHOOL_STUDENT,0.1254,0.7831,0.2148,0.7231,0.617,0.558
2026-W09,61,PL_DEBT_CONSOLIDATION,0.1404,0.8154,0.2438,0.7336,0.6002,0.6517
2026-W09,61,PL_LIFE_EVENT,0.1224,0.7892,0.247,0.7027,0.6228,0.5881
2026-W09,62,REFI_HIGH_BAL_GRAD,0.0808,0.8291,0.1942,0.7508,0.6864,0.7087
2026-W09,62,REFI_MED_BAL_PRO,0.0446,0.8582,0.1304,0.7828,0.7253,0.8084
2026-W09,62,INSCHOOL_PARENT,0.1067,0.809,0.1918,0.7578,0.6691,0.6151
2026-W09,62,INSCHOOL_STUDENT,0.1103,0.7685,0.2213,0.7416,0.647,0.5456
2026-W09,62,PL_DEBT_CONSOLIDATION,0.1337,0.7619,0.2344,0.7198,0.608,0.6312
2026-W09,62,PL_LIFE_EVENT,0.1096,0.7861,0.2142,0.7324,0.5982,0.5765
2026-W09,63,REFI_HIGH_BAL_GRAD,0.0749,0.8189,0.1616,0.764,0.6575,0.7173
2026-W09,63,REFI_MED_BAL_PRO,0.0401,0.8527,0.1414,0.8061,0.7031,0.8021
2026-W09,63,INSCHOOL_PARENT,0.0996,0.7777,0.1915,0.7522,0.625,0.6084
2026-W09,63,INSCHOOL_STUDENT,0.1185,0.7883,0.2062,0.7307,0.6174,0.553
2026-W09,63,PL_DEBT_CONSOLIDATION,0.1454,0.7733,0.241,0.7145,0.6487,0.636
2026-W09,63,PL_LIFE_EVENT,0.12,0.8074,0.2182,0.7274,0.6455,0.5886
2026-W10,64,REFI_HIGH_BAL_GRAD,0.0962,0.7912,0.188,0.7782,0.6521,0.7155
2026-W10,64,REFI_MED_BAL_PRO,0.0614,0.8567,0.1434,0.7926,0.6983,0.8118
2026-W10,64,INSCHOOL_PARENT,0.0964,0.792,0.2081,0.7408,0.628,0.6115
2026-W10,64,INSCHOOL_STUDENT,0.1227,0.7919,0.2356,0.7318,0.6598,0.5491
2026-W10,64,PL_DEBT_CONSOLIDATION,0.1483,0.7879,0.252,0.7273,0.6409,0.6471
2026-W10,64,PL_LIFE_EVENT,0.1151,0.7892,0.2242,0.7207,0.6361,0.5852
2026-W10,65,REFI_HIGH_BAL_GRAD,0.0919,0.7874,0.2095,0.7481,0.664,0.7202
2026-W10,65,REFI_MED_BAL_PRO,0.0605,0.8401,0.1523,0.7931,0.6904,0.8195
2026-W10,65,INSCHOOL_PARENT,0.1036,0.8077,0.1879,0.7662,0.6607,0.6065
2026-W10,65,INSCHOOL_STUDENT,0.1242,0.7619,0.2496,0.7317,0.6266,0.5561
2026-W10,65,PL_DEBT_CONSOLIDATION,0.1546,0.7874,0.2487,0.7092,0.6224,0.6405
2026-W10,65,PL_LIFE_EVENT,0.1194,0.7937,0.222,0.7283,0.6429,0.5821
2026-W10,66,REFI_HIGH_BAL_GRAD,0.0852,0.8037,0.1625,0.751,0.665,0.7311
2026-W10,66,REFI_MED_BAL_PRO,0.0414,0.855,0.1124,0.7883,0.6961,0.803
2026-W10,66,INSCHOOL_PARENT,0.1026,0.798,0.2007,0.7576,0.6403,0.6052
2026-W10,66,INSCHOOL_STUDENT,0.1283,0.7661,0.2494,0.7304,0.6432,0.5419
2026-W10,66,PL_DEBT_CONSOLIDATION,0.1553,0.7762,0.2561,0.7017,0.6254,0.651
2026-W10,66,PL_LIFE_EVENT,0.1112,0.7835,0.2014,0.7482,0.6225,0.5687
2026-W10,67,REFI_HIGH_BAL_GRAD,0.0882,0.7948,0.1889,0.7527,0.6823,0.7129
2026-W10,67,REFI_MED_BAL_PRO,0.0569,0.8471,0.1287,0.772,0.7211,0.8025
2026-W10,67,INSCHOOL_PARENT,0.0991,0.7969,0.1893,0.7698,0.6529,0.6133
2026-W10,67,INSCHOOL_STUDENT,0.1235,0.7959,0.2328,0.7239,0.6533,0.5528
2026-W10,67,PL_DEBT_CONSOLIDATION,0.1515,0.804,0.2562,0.722,0.5969,0.6312
2026-W10,67,PL_LIFE_EVENT,0.1088,0.7775,0.1983,0.7519,0.6272,0.578
2026-W10,68,REFI_HIGH_BAL_GRAD,0.0771,0.806,0.1588,0.7764,0.6816,0.7235
2026-W10,68,REFI_MED_BAL_PRO,0.0632,0.8319,0.1536,0.7633,0.6877,0.8088
2026-W10,68,INSCHOOL_PARENT,0.0928,0.7909,0.1714,0.7446,0.6701,0.6211
2026-W10,68,INSCHOOL_STUDENT,0.1216,0.7889,0.2344,0.7263,0.653,0.5497
2026-W10,68,PL_DEBT_CONSOLIDATION,0.1342,0.7635,0.2533,0.7088,0.6083,0.6409
2026-W10,68,PL_LIFE_EVENT,0.1103,0.7866,0.2225,0.745,0.6296,0.5707
2026-W10,69,REFI_HIGH_BAL_GRAD,0.0769,0.8295,0.184,0.7537,0.6894,0.709
2026-W10,69,REFI_MED_BAL_PRO,0.0568,0.8314,0.1656,0.7566,0.7186,0.816
2026-W10,69,INSCHOOL_PARENT,0.0991,0.8294,0.1968,0.7435,0.6702,0.6085
2026-W10,69,INSCHOOL_STUDENT,0.1337,0.8057,0.2316,0.7452,0.6379,0.5464
2026-W10,69,PL_DEBT_CONSOLIDATION,0.1497,0.7996,0.2487,0.7038,0.6042,0.633
2026-W10,69,PL_LIFE_EVENT,0.108,0.7802,0.2013,0.7437,0.616,0.5849
2026-W10,70,REFI_HIGH_BAL_GRAD,0.0815,0.799,0.1912,0.7786,0.6808,0.7103
2026-W10,70,REFI_MED_BAL_PRO,0.0631,0.8457,0.1706,0.7945,0.7208,0.801
2026-W10,70,INSCHOOL_PARENT,0.1131,0.7844,0.2248,0.7533,0.6669,0.6142
2026-W10,70,INSCHOOL_STUDENT,0.122,0.7938,0.2182,0.733,0.6297,0.5532
2026-W10,70,PL_DEBT_CONSOLIDATION,0.1542,0.7672,0.2683,0.7018,0.648,0.6369
2026-W10,70,PL_LIFE_EVENT,0.1298,0.7788,0.2174,0.7475,0.6406,0.5855
2026-W11,71,REFI_HIGH_BAL_GRAD,0.086,0.8228,0.1768,0.7431,0.6721,0.7132
2026-W11,71,REFI_MED_BAL_PRO,0.0507,0.8113,0.1292,0.8045,0.6891,0.8119
2026-W11,71,INSCHOOL_PARENT,0.1064,0.7985,0.2017,0.7565,0.6241,0.6004
2026-W11,71,INSCHOOL_STUDENT,0.1295,0.7868,0.2219,0.7514,0.6291,0.538
2026-W11,71,PL_DEBT_CONSOLIDATION,0.1565,0.7737,0.2781,0.6911,0.6308,0.6318
2026-W11,71,PL_LIFE_EVENT,0.1299,0.7756,0.2435,0.713,0.6189,0.5897
2026-W11,72,REFI_HIGH_BAL_GRAD,0.0795,0.8068,0.1665,0.776,0.654,0.7237
2026-W11,72,REFI_MED_BAL_PRO,0.0578,0.7987,0.1463,0.766,0.6824,0.8143
2026-W11,72,INSCHOOL_PARENT,0.0935,0.8111,0.2046,0.7691,0.6465,0.6012
2026-W11,72,INSCHOOL_STUDENT,0.1129,0.7822,0.2253,0.716,0.6214,0.5591
2026-W11,72,PL_DEBT_CONSOLIDATION,0.1373,0.808,0.2567,0.7002,0.6514,0.6314
2026-W11,72,PL_LIFE_EVENT,0.1207,0.7597,0.2319,0.7264,0.6399,0.5831
2026-W11,73,REFI_HIGH_BAL_GRAD,0.0796,0.8077,0.182,0.7768,0.6452,0.7104
2026-W11,73,REFI_MED_BAL_PRO,0.0595,0.834,0.1447,0.8041,0.6877,0.8014
2026-W11,73,INSCHOOL_PARENT,0.1004,0.7745,0.2027,0.7524,0.6577,0.6167
2026-W11,73,INSCHOOL_STUDENT,0.1283,0.8101,0.2417,0.7181,0.6337,0.5502
2026-W11,73,PL_DEBT_CONSOLIDATION,0.1525,0.7793,0.2478,0.7384,0.6491,0.6399
2026-W11,73,PL_LIFE_EVENT,0.1112,0.7892,0.2177,0.7363,0.6553,0.5917
2026-W11,74,REFI_HIGH_BAL_GRAD,0.099,0.7909,0.2132,0.7506,0.6619,0.7244
2026-W11,74,REFI_MED_BAL_PRO,0.0603,0.8559,0.1612,0.7546,0.6729,0.8043
2026-W11,74,INSCHOOL_PARENT,0.0953,0.773,0.2057,0.7469,0.6589,0.61
2026-W11,74,INSCHOOL_STUDENT,0.1222,0.8013,0.2111,0.7415,0.6396,0.5447
2026-W11,74,PL_DEBT_CONSOLIDATION,0.1425,0.7923,0.2413,0.737,0.624,0.6374
2026-W11,74,PL_LIFE_EVENT,0.1243,0.8093,0.2376,0.7072,0.6385,0.5855
2026-W11,75,REFI_HIGH_BAL_GRAD,0.0975,0.7865,0.1803,0.7583,0.6672,0.7226
2026-W11,75,REFI_MED_BAL_PRO,0.05,0.8431,0.1471,0.7651,0.7113,0.8148
2026-W11,75,INSCHOOL_PARENT,0.0989,0.8266,0.1995,0.7619,0.6644,0.602
2026-W11,75,INSCHOOL_STUDENT,0.1159,0.8061,0.2106,0.7574,0.6489,0.5387
2026-W11,75,PL_DEBT_CONSOLIDATION,0.155,0.7779,0.2513,0.7285,0.6264,0.6298
2026-W11,75,PL_LIFE_EVENT,0.1206,0.7808,0.2257,0.7347,0.6187,0.5741
2026-W11,76,REFI_HIGH_BAL_GRAD,0.0802,0.8174,0.1842,0.7474,0.6705,0.7091
2026-W11,76,REFI_MED_BAL_PRO,0.0639,0.8133,0.1538,0.7742,0.6778,0.8203
2026-W11,76,INSCHOOL_PARENT,0.1161,0.8026,0.2367,0.7444,0.6464,0.6057
2026-W11,76,INSCHOOL_STUDENT,0.1235,0.8024,0.2202,0.717,0.625,0.55
2026-W11,76,PL_DEBT_CONSOLIDATION,0.1579,0.7724,0.2846,0.7266,0.649,0.6297
2026-W11,76,PL_LIFE_EVENT,0.1214,0.7761,0.2406,0.7177,0.6298,0.5682
2026-W11,77,REFI_HIGH_BAL_GRAD,0.0832,0.8168,0.1712,0.7706,0.6678,0.7222
2026-W11,77,REFI_MED_BAL_PRO,0.0557,0.845,0.1324,0.8064,0.7144,0.8039
2026-W11,77,INSCHOOL_PARENT,0.0964,0.794,0.1848,0.7485,0.6716,0.6191
2026-W11,77,INSCHOOL_STUDENT,0.1369,0.7593,0.2525,0.7382,0.6462,0.5405
2026-W11,77,PL_DEBT_CONSOLIDATION,0.1496,0.7759,0.2617,0.6948,0.6516,0.6451
2026-W11,77,PL_LIFE_EVENT,0.1131,0.8145,0.2323,0.7298,0.6387,0.5769
2026-W12,78,REFI_HIGH_BAL_GRAD,0.1025,0.7881,0.1869,0.742,0.6892,0.7098
2026-W12,78,REFI_MED_BAL_PRO,0.0581,0.8247,0.1662,0.7623,0.6845,0.8056
2026-W12,78,INSCHOOL_PARENT,0.1161,0.8114,0.2295,0.7284,0.6375,0.5998
2026-W12,78,INSCHOOL_STUDENT,0.1196,0.806,0.2279,0.7173,0.6125,0.5492
2026-W12,78,PL_DEBT_CONSOLIDATION,0.1473,0.7938,0.2777,0.6947,0.6103,0.6344
2026-W12,78,PL_LIFE_EVENT,0.1144,0.7687,0.2255,0.7465,0.6384,0.569
2026-W12,79,REFI_HIGH_BAL_GRAD,0.0998,0.8027,0.1834,0.7486,0.6613,0.7203
2026-W12,79,REFI_MED_BAL_PRO,0.0614,0.8142,0.1714,0.7509,0.6931,0.8089
2026-W12,79,INSCHOOL_PARENT,0.1155,0.7844,0.2178,0.7552,0.6296,0.5983
2026-W12,79,INSCHOOL_STUDENT,0.1354,0.8182,0.2294,0.7467,0.6249,0.5531
2026-W12,79,PL_DEBT_CONSOLIDATION,0.1537,0.7965,0.2575,0.7304,0.5931,0.6295
2026-W12,79,PL_LIFE_EVENT,0.1339,0.7858,0.2275,0.7492,0.6464,0.576
2026-W12,80,REFI_HIGH_BAL_GRAD,0.0814,0.8107,0.1635,0.7716,0.6893,0.7175
2026-W12,80,REFI_MED_BAL_PRO,0.0466,0.8396,0.1201,0.7807,0.68,0.8047
2026-W12,80,INSCHOOL_PARENT,0.1194,0.7715,0.229,0.7254,0.6389,0.6079
2026-W12,80,INSCHOOL_STUDENT,0.1293,0.7629,0.2279,0.7165,0.6146,0.5592
2026-W12,80,PL_DEBT_CONSOLIDATION,0.1515,0.7994,0.2765,0.7216,0.6512,0.6468
2026-W12,80,PL_LIFE_EVENT,0.1215,0.7919,0.2263,0.75,0.6267,0.5773
2026-W12,81,REFI_HIGH_BAL_GRAD,0.0854,0.8021,0.1705,0.7832,0.6867,0.7094
2026-W12,81,REFI_MED_BAL_PRO,0.0703,0.8304,0.1736,0.7936,0.7272,0.8004
2026-W12,81,INSCHOOL_PARENT,0.1147,0.7854,0.231,0.7548,0.6246,0.6219
2026-W12,81,INSCHOOL_STUDENT,0.1221,0.81,0.2395,0.7214,0.653,0.5583
2026-W12,81,PL_DEBT_CONSOLIDATION,0.1438,0.7972,0.267,0.7212,0.6466,0.6287
2026-W12,81,PL_LIFE_EVENT,0.1304,0.8161,0.2405,0.7283,0.6079,0.5917
2026-W12,82,REFI_HIGH_BAL_GRAD,0.103,0.8125,0.1961,0.7542,0.6454,0.7136
2026-W12,82,REFI_MED_BAL_PRO,0.0525,0.8302,0.1206,0.8121,0.6809,0.8011
2026-W12,82,INSCHOOL_PARENT,0.1168,0.8245,0.2348,0.7265,0.6225,0.6121
2026-W12,82,INSCHOOL_STUDENT,0.1395,0.8057,0.2633,0.7342,0.6602,0.547
2026-W12,82,PL_DEBT_CONSOLIDATION,0.1629,0.7853,0.2627,0.7053,0.6,0.6318
2026-W12,82,PL_LIFE_EVENT,0.137,0.8067,0.2647,0.722,0.6071,0.5912
2026-W12,83,REFI_HIGH_BAL_GRAD,0.0991,0.8387,0.2104,0.7362,0.6753,0.7122
2026-W12,83,REFI_MED_BAL_PRO,0.0553,0.8399,0.1292,0.8,0.7257,0.8208
2026-W12,83,INSCHOOL_PARENT,0.1097,0.8291,0.2307,0.7151,0.6573,0.6201
2026-W12,83,INSCHOOL_STUDENT,0.1414,0.7725,0.2544,0.7413,0.611,0.5559
2026-W12,83,PL_DEBT_CONSOLIDATION,0.1467,0.8205,0.2451,0.7389,0.5971,0.645
2026-W12,83,PL_LIFE_EVENT,0.1303,0.8124,0.2358,0.7169,0.6116,0.5696
2026-W12,84,REFI_HIGH_BAL_GRAD,0.0893,0.7895,0.1667,0.7618,0.684,0.7313
2026-W12,84,REFI_MED_BAL_PRO,0.0698,0.8282,0.1574,0.7799,0.6749,0.8095
2026-W12,84,INSCHOOL_PARENT,0.1217,0.8085,0.2346,0.7193,0.6256,0.6183
2026-W12,84,INSCHOOL_STUDENT,0.126,0.7783,0.2505,0.7041,0.6128,0.547
2026-W12,84,PL_DEBT_CONSOLIDATION,0.1592,0.7944,0.29,0.6844,0.6274,0.6427
2026-W12,84,PL_LIFE_EVENT,0.1272,0.7611,0.2518,0.7057,0.65,0.5718
2026-W13,85,REFI_HIGH_BAL_GRAD,0.0863,0.7953,0.1705,0.7743,0.6833,0.7255
2026-W13,85,REFI_MED_BAL_PRO,0.0556,0.8155,0.1341,0.7674,0.7031,0.8182
2026-W13,85,INSCHOOL_PARENT,0.1053,0.791,0.2038,0.7382,0.6609,0.6124
2026-W13,85,INSCHOOL_STUDENT,0.1244,0.7607,0.2173,0.7279,0.6075,0.5583
2026-W13,85,PL_DEBT_CONSOLIDATION,0.1498,0.7854,0.2618,0.7218,0.5973,0.6411
2026-W13,85,PL_LIFE_EVENT,0.1208,0.8123,0.2207,0.7313,0.6124,0.5792
2026-W13,86,REFI_HIGH_BAL_GRAD,0.0899,0.7991,0.1699,0.777,0.68,0.7101
2026-W13,86,REFI_MED_BAL_PRO,0.0582,0.8311,0.1666,0.7781,0.702,0.8182
2026-W13,86,INSCHOOL_PARENT,0.1219,0.7945,0.2289,0.7534,0.6497,0.6192
2026-W13,86,INSCHOOL_STUDENT,0.1317,0.7639,0.2557,0.7308,0.6327,0.5596
2026-W13,86,PL_DEBT_CONSOLIDATION,0.1622,0.8023,0.2826,0.6887,0.6372,0.6321
2026-W13,86,PL_LIFE_EVENT,0.1406,0.8175,0.2631,0.6992,0.622,0.5917
2026-W13,87,REFI_HIGH_BAL_GRAD,0.0956,0.8428,0.1996,0.7682,0.6555,0.7299
2026-W13,87,REFI_MED_BAL_PRO,0.0725,0.8026,0.1612,0.7717,0.6884,0.8046
2026-W13,87,INSCHOOL_PARENT,0.1139,0.8218,0.2289,0.7424,0.6526,0.6081
2026-W13,87,INSCHOOL_STUDENT,0.1308,0.7681,0.242,0.7385,0.659,0.5602
2026-W13,87,PL_DEBT_CONSOLIDATION,0.1572,0.7677,0.2629,0.7157,0.6124,0.6379
2026-W13,87,PL_LIFE_EVENT,0.1268,0.7883,0.2379,0.7058,0.6131,0.5715
2026-W13,88,REFI_HIGH_BAL_GRAD,0.1004,0.8246,0.182,0.7781,0.6599,0.7137
2026-W13,88,REFI_MED_BAL_PRO,0.0691,0.8539,0.1773,0.748,0.7178,0.8053
2026-W13,88,INSCHOOL_PARENT,0.1103,0.7989,0.2207,0.7222,0.6733,0.6012
2026-W13,88,INSCHOOL_STUDENT,0.1449,0.7858,0.2691,0.7051,0.6276,0.5535
2026-W13,88,PL_DEBT_CONSOLIDATION,0.1488,0.7743,0.274,0.7203,0.6374,0.6488
2026-W13,88,PL_LIFE_EVENT,0.138,0.7901,0.2338,0.7198,0.627,0.5713
2026-W13,89,REFI_HIGH_BAL_GRAD,0.1068,0.8358,0.1897,0.7435,0.69,0.7281
2026-W13,89,REFI_MED_BAL_PRO,0.0578,0.826,0.164,0.7843,0.6852,0.8178
2026-W13,89,INSCHOOL_PARENT,0.1163,0.8075,0.2053,0.7256,0.6435,0.6123
2026-W13,89,INSCHOOL_STUDENT,0.1264,0.8114,0.2364,0.7224,0.6124,0.5595
2026-W13,89,PL_DEBT_CONSOLIDATION,0.1629,0.8029,0.27,0.706,0.6016,0.6417
2026-W13,89,PL_LIFE_EVENT,0.142,0.8106,0.2584,0.726,0.6127,0.5778
2026-W13,90,REFI_HIGH_BAL_GRAD,0.0874,0.8298,0.195,0.733,0.6947,0.7235
2026-W13,90,REFI_MED_BAL_PRO,0.0668,0.7991,0.1486,0.7953,0.6871,0.8212
2026-W13,90,INSCHOOL_PARENT,0.1202,0.7948,0.2203,0.7337,0.6363,0.6092
2026-W13,90,INSCHOOL_STUDENT,0.1389,0.8087,0.2445,0.7079,0.6333,0.5539
2026-W13,90,PL_DEBT_CONSOLIDATION,0.1657,0.7841,0.288,0.7084,0.6097,0.6306
2026-W13,90,PL_LIFE_EVENT,0.121,0.8185,0.2318,0.7454,0.6123,0.5851
2026-W13,91,REFI_HIGH_BAL_GRAD,0.1089,0.8009,0.1971,0.7661,0.694,0.7273
2026-W13,91,REFI_MED_BAL_PRO,0.0722,0.8346,0.1716,0.78,0.7121,0.8137
2026-W13,91,INSCHOOL_PARENT,0.1292,0.785,0.2333,0.73,0.6233,0.615
2026-W13,91,INSCHOOL_STUDENT,0.1369,0.7706,0.2552,0.7088,0.6347,0.5568
2026-W13,91,PL_DEBT_CONSOLIDATION,0.1677,0.8019,0.285,0.7204,0.6422,0.649
2026-W13,91,PL_LIFE_EVENT,0.1243,0.7651,0.2155,0.7251,0.6451,0.5863
2026-W14,92,REFI_HIGH_BAL_GRAD,0.0924,0.8238,0.1839,0.7413,0.6613,0.7259
2026-W14,92,REFI_MED_BAL_PRO,0.0608,0.8459,0.1442,0.7726,0.6864,0.8184
2026-W14,92,INSCHOOL_PARENT,0.1171,0.8214,0.2247,0.7586,0.6255,0.6193
2026-W14,92,INSCHOOL_STUDENT,0.1357,0.8112,0.2399,0.7187,0.6058,0.5585
2026-W14,92,PL_DEBT_CONSOLIDATION,0.1498,0.7736,0.2586,0.719,0.6462,0.639
2026-W14,92,PL_LIFE_EVENT,0.1281,0.8021,0.2462,0.7225,0.6345,0.5722
2026-W14,93,REFI_HIGH_BAL_GRAD,0.1037,0.7833,0.1956,0.7666,0.6501,0.7263
2026-W14,93,REFI_MED_BAL_PRO,0.0656,0.8444,0.1406,0.7901,0.7068,0.8077
2026-W14,93,INSCHOOL_PARENT,0.1294,0.7924,0.2183,0.7278,0.6436,0.5983
2026-W14,93,INSCHOOL_STUDENT,0.1319,0.8092,0.2275,0.7409,0.6402,0.544
2026-W14,93,PL_DEBT_CONSOLIDATION,0.1636,0.7823,0.2647,0.7081,0.6271,0.632
2026-W14,93,PL_LIFE_EVENT,0.1407,0.7771,0.2425,0.7349,0.6324,0.5761
2026-W14,94,REFI_HIGH_BAL_GRAD,0.1102,0.8427,0.2065,0.7683,0.6616,0.7125
2026-W14,94,REFI_MED_BAL_PRO,0.0771,0.8537,0.1675,0.7614,0.7124,0.8011
2026-W14,94,INSCHOOL_PARENT,0.1243,0.8048,0.2171,0.7358,0.6602,0.5989
2026-W14,94,INSCHOOL_STUDENT,0.1456,0.7745,0.2584,0.6996,0.6623,0.5539
2026-W14,94,PL_DEBT_CONSOLIDATION,0.1631,0.7628,0.2864,0.7005,0.6146,0.6411
2026-W14,94,PL_LIFE_EVENT,0.1328,0.7684,0.2487,0.7279,0.6147,0.5839
2026-W14,95,REFI_HIGH_BAL_GRAD,0.1052,0.7992,0.2107,0.7322,0.6898,0.7105
2026-W14,95,REFI_MED_BAL_PRO,0.072,0.8057,0.1495,0.7635,0.6807,0.8028
2026-W14,95,INSCHOOL_PARENT,0.1134,0.8008,0.2048,0.7561,0.6389,0.5989
2026-W14,95,INSCHOOL_STUDENT,0.1369,0.7717,0.2634,0.7102,0.6028,0.5541
2026-W14,95,PL_DEBT_CONSOLIDATION,0.1695,0.8117,0.2937,0.6854,0.5972,0.6403
2026-W14,95,PL_LIFE_EVENT,0.1391,0.7653,0.2391,0.714,0.6559,0.5751
2026-W14,96,REFI_HIGH_BAL_GRAD,0.1007,0.789,0.1879,0.7373,0.6574,0.7272
2026-W14,96,REFI_MED_BAL_PRO,0.0625,0.8429,0.137,0.7981,0.6716,0.8184
2026-W14,96,INSCHOOL_PARENT,0.1233,0.7796,0.2234,0.7363,0.6585,0.6191
2026-W14,96,INSCHOOL_STUDENT,0.1275,0.8081,0.2217,0.7309,0.6603,0.5445
2026-W14,96,PL_DEBT_CONSOLIDATION,0.1574,0.8126,0.2837,0.712,0.6396,0.6307
2026-W14,96,PL_LIFE_EVENT,0.1388,0.7627,0.2662,0.6994,0.6216,0.5822
2026-W14,97,REFI_HIGH_BAL_GRAD,0.1092,0.8237,0.1987,0.7481,0.6615,0.7087
2026-W14,97,REFI_MED_BAL_PRO,0.0718,0.8489,0.1836,0.7503,0.724,0.8007
2026-W14,97,INSCHOOL_PARENT,0.1176,0.7722,0.2124,0.7354,0.6635,0.6143
2026-W14,97,INSCHOOL_STUDENT,0.144,0.7938,0.2576,0.7418,0.6428,0.5461
2026-W14,97,PL_DEBT_CONSOLIDATION,0.161,0.8036,0.26,0.7226,0.6067,0.6363
2026-W14,97,PL_LIFE_EVENT,0.1386,0.7823,0.2618,0.7192,0.6559,0.5693
2026-W14,98,REFI_HIGH_BAL_GRAD,0.1056,0.7924,0.2209,0.76,0.6922,0.7098
2026-W14,98,REFI_MED_BAL_PRO,0.0674,0.8131,0.178,0.749,0.6822,0.8134
2026-W14,98,INSCHOOL_PARENT,0.1176,0.7835,0.2204,0.754,0.6481,0.6186
2026-W14,98,INSCHOOL_STUDENT,0.1366,0.7663,0.2456,0.7322,0.6088,0.5479
2026-W14,98,PL_DEBT_CONSOLIDATION,0.162,0.7616,0.2611,0.7195,0.6289,0.6353
2026-W14,98,PL_LIFE_EVENT,0.1348,0.7716,0.2504,0.7416,0.6184,0.5693
2026-W15,99,REFI_HIGH_BAL_GRAD,0.0957,0.8103,0.197,0.7596,0.6684,0.7238
2026-W15,99,REFI_MED_BAL_PRO,0.0729,0.8054,0.1765,0.7573,0.6893,0.8179
2026-W15,99,INSCHOOL_PARENT,0.1313,0.7869,0.24,0.7413,0.6239,0.6019
2026-W15,99,INSCHOOL_STUDENT,0.1294,0.8022,0.2456,0.7077,0.6393,0.5425
2026-W15,99,PL_DEBT_CONSOLIDATION,0.1712,0.7852,0.2872,0.7165,0.6348,0.6306
2026-W15,99,PL_LIFE_EVENT,0.1328,0.8148,0.2544,0.7236,0.6429,0.5788
2026-W15,100,REFI_HIGH_BAL_GRAD,0.1063,0.8404,0.1932,0.7558,0.6718,0.7092
2026-W15,100,REFI_MED_BAL_PRO,0.0783,0.8489,0.1722,0.772,0.7241,0.8023
2026-W15,100,INSCHOOL_PARENT,0.1221,0.8132,0.2128,0.7386,0.6572,0.6192
2026-W15,100,INSCHOOL_STUDENT,0.1383,0.7823,0.267,0.7351,0.6483,0.5446
2026-W15,100,PL_DEBT_CONSOLIDATION,0.1721,0.8198,0.2882,0.6869,0.6166,0.6448
2026-W15,100,PL_LIFE_EVENT,0.1409,0.7771,0.2592,0.7339,0.6393,0.5905
2026-W15,101,REFI_HIGH_BAL_GRAD,0.1057,0.7951,0.2121,0.7385,0.6607,0.7241
2026-W15,101,REFI_MED_BAL_PRO,0.0795,0.8376,0.1927,0.7632,0.7105,0.8057
2026-W15,101,INSCHOOL_PARENT,0.1111,0.7905,0.2131,0.7467,0.6612,0.608
2026-W15,101,INSCHOOL_STUDENT,0.1442,0.8097,0.2467,0.7405,0.6511,0.5505
2026-W15,101,PL_DEBT_CONSOLIDATION,0.1497,0.7703,0.2689,0.6981,0.6368,0.6319
2026-W15,101,PL_LIFE_EVENT,0.1299,0.7742,0.251,0.7297,0.6143,0.5861
2026-W15,102,REFI_HIGH_BAL_GRAD,0.0914,0.8318,0.1733,0.7808,0.6844,0.7288
2026-W15,102,REFI_MED_BAL_PRO,0.0738,0.8323,0.1568,0.7909,0.7167,0.8049
2026-W15,102,INSCHOOL_PARENT,0.1243,0.825,0.2259,0.7587,0.6797,0.6055
2026-W15,102,INSCHOOL_STUDENT,0.1395,0.76,0.2395,0.7333,0.6495,0.5589
2026-W15,102,PL_DEBT_CONSOLIDATION,0.169,0.8163,0.2944,0.7075,0.6371,0.6411
2026-W15,102,PL_LIFE_EVENT,0.1375,0.8058,0.2655,0.7057,0.6072,0.5844
2026-W15,103,REFI_HIGH_BAL_GRAD,0.095,0.7934,0.1944,0.7498,0.6657,0.7214
2026-W15,103,REFI_MED_BAL_PRO,0.0591,0.8336,0.1391,0.778,0.7114,0.8017
2026-W15,103,INSCHOOL_PARENT,0.112,0.7888,0.1971,0.7697,0.6581,0.6139
2026-W15,103,INSCHOOL_STUDENT,0.138,0.7936,0.2419,0.7397,0.6217,0.5433
2026-W15,103,PL_DEBT_CONSOLIDATION,0.1535,0.7657,0.267,0.7086,0.624,0.6302
2026-W15,103,PL_LIFE_EVENT,0.1283,0.772,0.2287,0.7242,0.6097,0.5861
2026-W15,104,REFI_HIGH_BAL_GRAD,0.1032,0.8428,0.217,0.7675,0.6405,0.7241
2026-W15,104,REFI_MED_BAL_PRO,0.0666,0.8529,0.1628,0.7811,0.7263,0.8144
2026-W15,104,INSCHOOL_PARENT,0.116,0.8244,0.2378,0.728,0.6536,0.6048
2026-W15,104,INSCHOOL_STUDENT,0.1481,0.8085,0.2551,0.735,0.6293,0.5391
2026-W15,104,PL_DEBT_CONSOLIDATION,0.1705,0.7732,0.2887,0.7234,0.6018,0.651
2026-W15,104,PL_LIFE_EVENT,0.1359,0.7596,0.2275,0.7386,0.643,0.5888
2026-W15,105,REFI_HIGH_BAL_GRAD,0.1005,0.7892,0.2022,0.7612,0.6986,0.7266
2026-W15,105,REFI_MED_BAL_PRO,0.0713,0.855,0.174,0.7553,0.6964,0.806
2026-W15,105,INSCHOOL_PARENT,0.1102,0.7727,0.2246,0.7413,0.6557,0.6035
2026-W15,105,INSCHOOL_STUDENT,0.1323,0.7825,0.2456,0.7224,0.6036,0.5542
2026-W15,105,PL_DEBT_CONSOLIDATION,0.1617,0.8001,0.2819,0.7176,0.6269,0.6448
2026-W15,105,PL_LIFE_EVENT,0.1246,0.8149,0.215,0.7491,0.6147,0.5701
2026-W16,106,REFI_HIGH_BAL_GRAD,0.1085,0.8093,0.2065,0.7575,0.6684,0.7208
2026-W16,106,REFI_MED_BAL_PRO,0.0589,0.8221,0.1605,0.7786,0.7264,0.8015
2026-W16,106,INSCHOOL_PARENT,0.1242,0.8243,0.2421,0.7416,0.6436,0.6208
2026-W16,106,INSCHOOL_STUDENT,0.1392,0.7925,0.2339,0.708,0.6384,0.5509
2026-W16,106,PL_DEBT_CONSOLIDATION,0.1714,0.7799,0.2992,0.717,0.6124,0.6379
2026-W16,106,PL_LIFE_EVENT,0.1382,0.79,0.2341,0.7156,0.6467,0.5727
2026-W16,107,REFI_HIGH_BAL_GRAD,0.0943,0.831,0.207,0.7659,0.6959,0.7319
2026-W16,107,REFI_MED_BAL_PRO,0.0664,0.8316,0.1497,0.7617,0.6747,0.8154
2026-W16,107,INSCHOOL_PARENT,0.1194,0.7893,0.2094,0.752,0.6272,0.6129
2026-W16,107,INSCHOOL_STUDENT,0.1473,0.7783,0.2571,0.7258,0.6209,0.552
2026-W16,107,PL_DEBT_CONSOLIDATION,0.162,0.7835,0.2702,0.7078,0.5921,0.6339
2026-W16,107,PL_LIFE_EVENT,0.1277,0.8036,0.2321,0.7443,0.6047,0.5856
2026-W16,108,REFI_HIGH_BAL_GRAD,0.1107,0.8108,0.2078,0.741,0.6731,0.7122
2026-W16,108,REFI_MED_BAL_PRO,0.0697,0.8491,0.1764,0.7537,0.7011,0.8043
2026-W16,108,INSCHOOL_PARENT,0.1287,0.774,0.2189,0.7194,0.6516,0.5987
2026-W16,108,INSCHOOL_STUDENT,0.1393,0.7835,0.2528,0.7406,0.6357,0.551
2026-W16,108,PL_DEBT_CONSOLIDATION,0.1721,0.7899,0.3012,0.692,0.6052,0.6465
2026-W16,108,PL_LIFE_EVENT,0.1397,0.7767,0.2483,0.7227,0.6204,0.5801
2026-W16,109,REFI_HIGH_BAL_GRAD,0.1052,0.8339,0.2188,0.7502,0.65,0.7203
2026-W16,109,REFI_MED_BAL_PRO,0.0655,0.8093,0.1748,0.7778,0.7269,0.8157
2026-W16,109,INSCHOOL_PARENT,0.1187,0.7909,0.2122,0.7433,0.625,0.6069
2026-W16,109,INSCHOOL_STUDENT,0.1261,0.7716,0.2489,0.7177,0.6308,0.5489
2026-W16,109,PL_DEBT_CONSOLIDATION,0.149,0.8204,0.2542,0.7269,0.6231,0.6479
2026-W16,109,PL_LIFE_EVENT,0.1419,0.775,0.2541,0.7051,0.6358,0.5768
2026-W16,110,REFI_HIGH_BAL_GRAD,0.1046,0.8331,0.2065,0.7447,0.6944,0.7204
2026-W16,110,REFI_MED_BAL_PRO,0.0629,0.8507,0.1531,0.7789,0.7051,0.81
2026-W16,110,INSCHOOL_PARENT,0.1101,0.7793,0.1957,0.7573,0.6339,0.6025
2026-W16,110,INSCHOOL_STUDENT,0.1334,0.8022,0.2264,0.7213,0.6513,0.5553
2026-W16,110,PL_DEBT_CONSOLIDATION,0.159,0.7903,0.2622,0.6991,0.6418,0.6285
2026-W16,110,PL_LIFE_EVENT,0.1225,0.7936,0.2146,0.7422,0.599,0.5817
2026-W16,111,REFI_HIGH_BAL_GRAD,0.0899,0.7985,0.1746,0.7843,0.676,0.7215
2026-W16,111,REFI_MED_BAL_PRO,0.0544,0.8418,0.1495,0.7715,0.6739,0.8088
2026-W16,111,INSCHOOL_PARENT,0.1302,0.8214,0.2245,0.7536,0.6573,0.6171
2026-W16,111,INSCHOOL_STUDENT,0.144,0.7701,0.2613,0.7081,0.6461,0.5462
2026-W16,111,PL_DEBT_CONSOLIDATION,0.1579,0.797,0.2616,0.7095,0.5983,0.6329
2026-W16,111,PL_LIFE_EVENT,0.1417,0.7895,0.2489,0.7062,0.6024,0.5794
2026-W16,112,REFI_HIGH_BAL_GRAD,0.1028,0.7853,0.2149,0.7469,0.6471,0.7196
2026-W16,112,REFI_MED_BAL_PRO,0.0567,0.8348,0.1589,0.7951,0.7153,0.8136
2026-W16,112,INSCHOOL_PARENT,0.1184,0.7916,0.2048,0.7483,0.635,0.6173
2026-W16,112,INSCHOOL_STUDENT,0.1428,0.7821,0.257,0.7314,0.6483,0.5547
2026-W16,112,PL_DEBT_CONSOLIDATION,0.1489,0.7696,0.2603,0.7032,0.6433,0.6348
2026-W16,112,PL_LIFE_EVENT,0.1416,0.7837,0.2396,0.7353,0.644,0.5819
2026-W17,113,REFI_HIGH_BAL_GRAD,0.0904,0.7834,0.1942,0.7639,0.659,0.7167
2026-W17,113,REFI_MED_BAL_PRO,0.0567,0.8377,0.1361,0.8028,0.6942,0.8068
2026-W17,113,INSCHOOL_PARENT,0.112,0.8102,0.2252,0.7345,0.6682,0.6096
2026-W17,113,INSCHOOL_STUDENT,0.1322,0.7925,0.2304,0.723,0.6233,0.5549
2026-W17,113,PL_DEBT_CONSOLIDATION,0.1638,0.8129,0.2861,0.7155,0.6186,0.6448
2026-W17,113,PL_LIFE_EVENT,0.124,0.7721,0.226,0.7243,0.6296,0.5847
2026-W17,114,REFI_HIGH_BAL_GRAD,0.104,0.7926,0.2236,0.7208,0.6455,0.7115
2026-W17,114,REFI_MED_BAL_PRO,0.0747,0.8247,0.151,0.7681,0.6736,0.7989
2026-W17,114,INSCHOOL_PARENT,0.1141,0.8285,0.2222,0.7406,0.6639,0.6123
2026-W17,114,INSCHOOL_STUDENT,0.1455,0.8084,0.2625,0.7155,0.6147,0.5538
2026-W17,114,PL_DEBT_CONSOLIDATION,0.1649,0.7788,0.2624,0.7188,0.6227,0.6336
2026-W17,114,PL_LIFE_EVENT,0.1236,0.7614,0.2191,0.712,0.606,0.5919
2026-W17,115,REFI_HIGH_BAL_GRAD,0.1052,0.8042,0.2023,0.7559,0.6711,0.7257
2026-W17,115,REFI_MED_BAL_PRO,0.0536,0.804,0.1334,0.8028,0.7237,0.8064
2026-W17,115,INSCHOOL_PARENT,0.1274,0.786,0.2385,0.7191,0.677,0.6118
2026-W17,115,INSCHOOL_STUDENT,0.1285,0.7836,0.2199,0.7169,0.6203,0.5607
2026-W17,115,PL_DEBT_CONSOLIDATION,0.1643,0.819,0.2954,0.7145,0.6263,0.6447
2026-W17,115,PL_LIFE_EVENT,0.1422,0.793,0.2635,0.7274,0.6543,0.579
2026-W17,116,REFI_HIGH_BAL_GRAD,0.097,0.8182,0.1773,0.7453,0.6441,0.7232
2026-W17,116,REFI_MED_BAL_PRO,0.0752,0.8392,0.1582,0.7693,0.7261,0.8104
2026-W17,116,INSCHOOL_PARENT,0.1039,0.8193,0.1948,0.7329,0.6616,0.6177
2026-W17,116,INSCHOOL_STUDENT,0.1234,0.8151,0.2284,0.726,0.6563,0.5445
2026-W17,116,PL_DEBT_CONSOLIDATION,0.1671,0.8026,0.3003,0.6983,0.6038,0.6457
2026-W17,116,PL_LIFE_EVENT,0.1393,0.7716,0.2373,0.7156,0.6337,0.5717
2026-W17,117,REFI_HIGH_BAL_GRAD,0.0878,0.8382,0.1918,0.7638,0.6768,0.7263
2026-W17,117,REFI_MED_BAL_PRO,0.0637,0.8011,0.1539,0.7848,0.6983,0.8216
2026-W17,117,INSCHOOL_PARENT,0.1246,0.8215,0.2304,0.758,0.6762,0.6047
2026-W17,117,INSCHOOL_STUDENT,0.1263,0.7938,0.2151,0.7516,0.6313,0.551
2026-W17,117,PL_DEBT_CONSOLIDATION,0.1558,0.7852,0.2773,0.6934,0.6504,0.6448
2026-W17,117,PL_LIFE_EVENT,0.1288,0.8006,0.2165,0.7226,0.6315,0.5758
2026-W17,118,REFI_HIGH_BAL_GRAD,0.0994,0.7986,0.2011,0.7407,0.6683,0.7227
2026-W17,118,REFI_MED_BAL_PRO,0.0589,0.8285,0.137,0.7955,0.6911,0.8185
2026-W17,118,INSCHOOL_PARENT,0.1091,0.7802,0.1967,0.7538,0.6349,0.6004
2026-W17,118,INSCHOOL_STUDENT,0.1268,0.7733,0.2308,0.7262,0.6114,0.561
2026-W17,118,PL_DEBT_CONSOLIDATION,0.1467,0.8099,0.2455,0.7214,0.6515,0.6484
2026-W17,118,PL_LIFE_EVENT,0.1295,0.8024,0.2483,0.7132,0.6303,0.5816
2026-W17,119,REFI_HIGH_BAL_GRAD,0.0936,0.8244,0.1743,0.7779,0.6686,0.7231
2026-W17,119,REFI_MED_BAL_PRO,0.0602,0.8187,0.1447,0.7859,0.7247,0.8042
2026-W17,119,INSCHOOL_PARENT,0.1023,0.7767,0.2175,0.7625,0.6331,0.6118
2026-W17,119,INSCHOOL_STUDENT,0.1353,0.7697,0.2553,0.7147,0.643,0.5497
2026-W17,119,PL_DEBT_CONSOLIDATION,0.1602,0.815,0.2704,0.7013,0.6297,0.6315
2026-W17,119,PL_LIFE_EVENT,0.1205,0.8077,0.2191,0.7404,0.6309,0.5884
2026-W18,120,REFI_HIGH_BAL_GRAD,0.085,0.7927,0.1704,0.7572,0.6575,0.7144
2026-W18,120,REFI_MED_BAL_PRO,0.0642,0.8149,0.1531,0.796,0.6906,0.8121
2026-W18,120,INSCHOOL_PARENT,0.1243,0.7942,0.2177,0.7201,0.6649,0.6139
2026-W18,120,INSCHOOL_STUDENT,0.1416,0.8012,0.2352,0.7147,0.6088,0.5395
2026-W18,120,PL_DEBT_CONSOLIDATION,0.1629,0.7945,0.2597,0.7108,0.6377,0.63
2026-W18,120,PL_LIFE_EVENT,0.1221,0.7685,0.2338,0.7456,0.6152,0.5739
